{
  "actinic keratosis": {
    "precision": 0.8897058823529411,
    "recall": 0.7469135802469136,
    "f1-score": 0.8120805369127517,
    "support": 162.0
  },
  "acute bronchiolitis": {
    "precision": 0.9862385321100917,
    "recall": 0.8921161825726142,
    "f1-score": 0.9368191721132898,
    "support": 241.0
  },
  "acute bronchitis": {
    "precision": 0.9657142857142857,
    "recall": 0.6954732510288066,
    "f1-score": 0.8086124401913876,
    "support": 243.0
  },
  "acute bronchospasm": {
    "precision": 0.6323529411764706,
    "recall": 0.7962962962962963,
    "f1-score": 0.7049180327868853,
    "support": 162.0
  },
  "acute kidney injury": {
    "precision": 0.9698795180722891,
    "recall": 0.9938271604938271,
    "f1-score": 0.9817073170731707,
    "support": 162.0
  },
  "acute pancreatitis": {
    "precision": 0.9803921568627451,
    "recall": 0.8298755186721992,
    "f1-score": 0.898876404494382,
    "support": 241.0
  },
  "acute sinusitis": {
    "precision": 0.8229166666666666,
    "recall": 0.9518072289156626,
    "f1-score": 0.88268156424581,
    "support": 166.0
  },
  "allergy": {
    "precision": 0.9573170731707317,
    "recall": 0.9751552795031055,
    "f1-score": 0.9661538461538461,
    "support": 161.0
  },
  "angina": {
    "precision": 0.9520958083832335,
    "recall": 0.9636363636363636,
    "f1-score": 0.9578313253012049,
    "support": 165.0
  },
  "anxiety": {
    "precision": 0.9826839826839827,
    "recall": 0.9458333333333333,
    "f1-score": 0.9639065817409767,
    "support": 240.0
  },
  "appendicitis": {
    "precision": 0.8042328042328042,
    "recall": 0.9382716049382716,
    "f1-score": 0.8660968660968661,
    "support": 162.0
  },
  "arthritis of the hip": {
    "precision": 0.9625,
    "recall": 0.9545454545454546,
    "f1-score": 0.9585062240663901,
    "support": 242.0
  },
  "asthma": {
    "precision": 0.7365591397849462,
    "recall": 0.8404907975460123,
    "f1-score": 0.7851002865329513,
    "support": 163.0
  },
  "benign prostatic hyperplasia (bph)": {
    "precision": 1.0,
    "recall": 0.995850622406639,
    "f1-score": 0.997920997920998,
    "support": 241.0
  },
  "brachial neuritis": {
    "precision": 0.8595505617977528,
    "recall": 0.9272727272727272,
    "f1-score": 0.892128279883382,
    "support": 165.0
  },
  "bursitis": {
    "precision": 1.0,
    "recall": 0.9917355371900827,
    "f1-score": 0.995850622406639,
    "support": 242.0
  },
  "carpal tunnel syndrome": {
    "precision": 0.9634146341463414,
    "recall": 0.9634146341463414,
    "f1-score": 0.9634146341463414,
    "support": 164.0
  },
  "cholecystitis": {
    "precision": 0.9829545454545454,
    "recall": 0.7178423236514523,
    "f1-score": 0.829736211031175,
    "support": 241.0
  },
  "chronic back pain": {
    "precision": 0.9151515151515152,
    "recall": 0.937888198757764,
    "f1-score": 0.9263803680981595,
    "support": 161.0
  },
  "chronic constipation": {
    "precision": 0.9386503067484663,
    "recall": 0.9272727272727272,
    "f1-score": 0.9329268292682927,
    "support": 165.0
  },
  "chronic obstructive pulmonary disease (copd)": {
    "precision": 0.645,
    "recall": 0.7962962962962963,
    "f1-score": 0.712707182320442,
    "support": 162.0
  },
  "common cold": {
    "precision": 0.8342857142857143,
    "recall": 0.8957055214723927,
    "f1-score": 0.863905325443787,
    "support": 163.0
  },
  "complex regional pain syndrome": {
    "precision": 0.9555555555555556,
    "recall": 0.8847736625514403,
    "f1-score": 0.9188034188034188,
    "support": 243.0
  },
  "concussion": {
    "precision": 1.0,
    "recall": 0.9957983193277311,
    "f1-score": 0.9978947368421053,
    "support": 238.0
  },
  "conjunctivitis": {
    "precision": 0.9142857142857143,
    "recall": 0.9696969696969697,
    "f1-score": 0.9411764705882353,
    "support": 165.0
  },
  "conjunctivitis due to allergy": {
    "precision": 0.9698275862068966,
    "recall": 0.9259259259259259,
    "f1-score": 0.9473684210526315,
    "support": 243.0
  },
  "contact dermatitis": {
    "precision": 0.7788944723618091,
    "recall": 0.9393939393939394,
    "f1-score": 0.8516483516483516,
    "support": 165.0
  },
  "cornea infection": {
    "precision": 0.9329268292682927,
    "recall": 0.9386503067484663,
    "f1-score": 0.9357798165137615,
    "support": 163.0
  },
  "croup": {
    "precision": 0.8064516129032258,
    "recall": 0.9316770186335404,
    "f1-score": 0.8645533141210374,
    "support": 161.0
  },
  "cystitis": {
    "precision": 0.9777777777777777,
    "recall": 0.7213114754098361,
    "f1-score": 0.8301886792452831,
    "support": 244.0
  },
  "degenerative disc disease": {
    "precision": 0.5532786885245902,
    "recall": 0.8333333333333334,
    "f1-score": 0.6650246305418719,
    "support": 162.0
  },
  "dental caries": {
    "precision": 1.0,
    "recall": 0.9746835443037974,
    "f1-score": 0.9871794871794872,
    "support": 237.0
  },
  "depression": {
    "precision": 0.8284023668639053,
    "recall": 0.8433734939759037,
    "f1-score": 0.835820895522388,
    "support": 166.0
  },
  "developmental disability": {
    "precision": 0.9818181818181818,
    "recall": 0.9818181818181818,
    "f1-score": 0.9818181818181818,
    "support": 165.0
  },
  "diaper rash": {
    "precision": 0.9698795180722891,
    "recall": 0.9938271604938271,
    "f1-score": 0.9817073170731707,
    "support": 162.0
  },
  "diverticulitis": {
    "precision": 0.944954128440367,
    "recall": 0.8477366255144033,
    "f1-score": 0.8937093275488069,
    "support": 243.0
  },
  "drug reaction": {
    "precision": 0.975609756097561,
    "recall": 0.9876543209876543,
    "f1-score": 0.9815950920245399,
    "support": 162.0
  },
  "ear drum damage": {
    "precision": 0.98125,
    "recall": 0.9573170731707317,
    "f1-score": 0.9691358024691358,
    "support": 164.0
  },
  "eczema": {
    "precision": 0.9775280898876404,
    "recall": 0.7219917012448133,
    "f1-score": 0.8305489260143198,
    "support": 241.0
  },
  "esophagitis": {
    "precision": 0.946058091286307,
    "recall": 0.9382716049382716,
    "f1-score": 0.9421487603305785,
    "support": 243.0
  },
  "eustachian tube dysfunction (ear disorder)": {
    "precision": 0.9817073170731707,
    "recall": 0.9938271604938271,
    "f1-score": 0.9877300613496932,
    "support": 162.0
  },
  "fungal infection of the hair": {
    "precision": 0.994475138121547,
    "recall": 0.743801652892562,
    "f1-score": 0.851063829787234,
    "support": 242.0
  },
  "gallstone": {
    "precision": 0.58984375,
    "recall": 0.9320987654320988,
    "f1-score": 0.722488038277512,
    "support": 162.0
  },
  "gastrointestinal hemorrhage": {
    "precision": 0.9788135593220338,
    "recall": 0.9506172839506173,
    "f1-score": 0.964509394572025,
    "support": 243.0
  },
  "gout": {
    "precision": 0.9670781893004116,
    "recall": 0.9710743801652892,
    "f1-score": 0.9690721649484536,
    "support": 242.0
  },
  "gum disease": {
    "precision": 0.963855421686747,
    "recall": 1.0,
    "f1-score": 0.9815950920245399,
    "support": 160.0
  },
  "heart attack": {
    "precision": 0.9556962025316456,
    "recall": 0.9320987654320988,
    "f1-score": 0.94375,
    "support": 162.0
  },
  "heart failure": {
    "precision": 0.9457831325301205,
    "recall": 0.9631901840490797,
    "f1-score": 0.9544072948328267,
    "support": 163.0
  },
  "hemorrhoids": {
    "precision": 0.9451219512195121,
    "recall": 0.9451219512195121,
    "f1-score": 0.9451219512195121,
    "support": 164.0
  },
  "herniated disk": {
    "precision": 0.6875,
    "recall": 0.8614457831325302,
    "f1-score": 0.7647058823529411,
    "support": 166.0
  },
  "hiatal hernia": {
    "precision": 0.9290322580645162,
    "recall": 0.8834355828220859,
    "f1-score": 0.9056603773584906,
    "support": 163.0
  },
  "hyperemesis gravidarum": {
    "precision": 0.950920245398773,
    "recall": 0.950920245398773,
    "f1-score": 0.950920245398773,